<?xml version="1.0" encoding="utf-8"?>
<form>
	<title>Partners Style 1</title>
	<sampledata></sampledata>
	<fields name="pricing-intro">
		<fieldset name="basic" label="PRICING_BASIC_LABEL" description="PRICING_BASIC_DESC">
			<field name="num-items" type="list" default="false" label="PRICING_NUM_COLS_TITLE" description="PRICING_NUM_COLS_DES">
				<option value="1">1</option>
				<option value="2">2</option>
				<option value="3">3</option>
				<option value="4">4</option>
				<option value="5">5</option>
				<option value="6">6</option>
			</field>

			<field name="bottom-desc" type="textarea" default="" label="PRICING_BOTTOM_DESC_LABEL" description="PRICING_BOTTOM_DESC_DESC" rows="5" cols="40" />
		</fieldset>

		<fieldset name="section-pricing" label="PRICING_SECTION_LABEL" description="PRICING_SECTION_DESC" multiple="1">
				<field name="img-intro" type="media" default="" label="PRICING_IMAGE_LABEL" description="PRICING_IMAGE_DESC"  />
				<field name="title" type="text" default="" label="PRICING_TITLE_LABEL" description="PRICING_TITLE_DESC" rows="5" cols="40"  />
				<field name="price" type="text" default="" label="PRICING_PRICE_LABEL" description="PRICING_PRICE_DESC" rows="5" cols="40"/>
				<field name="desc" type="textarea" default="" label="PRICING_DESC_LABEL" description="PRICING_DESC_DESC" rows="5" cols="40" />
				<field name="btn-title" type="text" default="" label="PRICING_BUTTON_TITLE_LABEL" description="PRICING_BUTTON_TITLE_DESC" />
				<field name="btn-link" type="text" default="" label="PRICING_BUTTON_LINK_LABEL" description="PRICING_BUTTON_LINK_DESC" />
				<field name="plan-list" type="textarea" default="" label="PRICING_PLAN_LIST_LABEL" description="PRICING_PLAN_LIST_DESC" />
		</fieldset>
	</fields>
</form>