{"menu_type":"mainmenu","mega_settings":"{\"mainmenu\":{\"101\":{\"align\":\"left\",\"settings\":[{\"contents\":[{}]}],\"name\":\"None\",\"col\":\"auto\",\"type\":\"\",\"id\":true},\"187\":{\"align\":\"left\",\"settings\":[{\"contents\":[{}]}],\"id\":true,\"type\":\"\",\"col\":\"auto\",\"name\":\"None\"},\"231\":{\"align\":\"left\",\"settings\":[{\"contents\":[{}]}],\"name\":\"None\",\"col\":\"auto\",\"type\":\"\",\"id\":true},\"233\":{\"align\":\"left\",\"settings\":[{\"contents\":[{}]}],\"name\":\"None\",\"col\":\"auto\",\"type\":\"\",\"id\":true},\"234\":{\"align\":\"left\",\"settings\":[{\"contents\":[{}]}],\"id\":true,\"type\":\"\",\"col\":\"auto\",\"name\":\"None\"},\"235\":{\"mega_extra\":\"crafty-mega\",\"width\":980,\"megabuild\":\"0\",\"align\":\"center\",\"settings\":[{\"contents\":[{}]}],\"megabuild-235\":1,\"id\":true,\"type\":\"\",\"col\":\"auto\",\"name\":\"None\",\"megamenu\":0},\"240\":{\"align\":\"left\",\"settings\":[{\"contents\":[{}]}],\"name\":\"None\",\"col\":\"auto\",\"type\":\"\",\"id\":true},\"315\":{\"align\":\"left\",\"settings\":[{\"contents\":[{}]}],\"name\":\"None\",\"col\":\"auto\",\"type\":\"\",\"id\":true}},\"topbar\":{\"103\":{\"align\":\"left\",\"settings\":[{\"contents\":[{}]}],\"name\":\"None\",\"col\":\"auto\",\"type\":\"\",\"id\":true},\"104\":{\"align\":\"left\",\"settings\":[{\"contents\":[{}]}],\"name\":\"None\",\"col\":\"auto\",\"type\":\"\",\"id\":true},\"316\":{\"align\":\"left\",\"settings\":[{\"contents\":[{}]}],\"id\":true,\"type\":\"\",\"col\":\"auto\",\"name\":\"None\"}},\"users\":{\"109\":{\"align\":\"left\",\"settings\":[{\"contents\":[{}]}],\"name\":\"None\",\"col\":\"auto\",\"type\":\"\",\"id\":true},\"110\":{\"align\":\"left\",\"settings\":[{\"contents\":[{}]}],\"name\":\"None\",\"col\":\"auto\",\"type\":\"\",\"id\":true},\"111\":{\"align\":\"left\",\"settings\":[{\"contents\":[{}]}],\"name\":\"None\",\"col\":\"auto\",\"type\":\"\",\"id\":true},\"112\":{\"align\":\"left\",\"settings\":[{\"contents\":[{}]}],\"name\":\"None\",\"col\":\"auto\",\"type\":\"\",\"id\":true}}}","mega_effect":"slide","mega_duration":"","mega_showsm":false,"oc_enabled":true,"oc_pos_name":"off-canvas","oc_pos_style":"JAxhtml","oc_effect":"left-push","oc_menu_effect":"drill","oc_rightside":true,"oc_showlg":false,"option_breakpoint":"lg"}