{"system_t4frontendedit":"1","system_optimizecss_exclude":null,"system_optimizejs":"1","system_optimizejs_exclude":null,"system_advancedCodeAfterHead":null,"system_advancedCodeBeforeHead":"<script type=\"text\/javascript\" src=\"\/\/s7.addthis.com\/js\/300\/addthis_widget.js#pubid=ra-627ddf60e6b8026d\"><\/script>\r\n    <script src=\"templates\/craft\/js\/mapdata.js\"><\/script>\r\n<script src=\"templates\/craft\/js\/worldmap.js\"><\/script>\r\n    <script src=\"templates\/craft\/js\/countrymapdata.js\"><\/script>\r\n<script src=\"templates\/craft\/js\/countrymap.js\"><\/script>\r\n","system_advancedCodeAfterBody":null,"system_advancedCodeBeforeBody":null,"system_addons":["font.awesome5","font.awesome4","js.owl"],"system_opengraph":"1"}