{"layout":{"sections":[{"contents":[{"type":"positions","name":"topbar-l","col":"auto","xl":"","lg":"","md":"","sm":"","xs":"","hidden_lg":"","hidden_xl":"","hidden_md":"","hidden_sm":"","hidden_xs":"","style":null,"extra_class":"","extra_params":"","device":"def","module":null,"positions":"topbar-l","block":null,"element":null,"title":"","modname":"","idx":0},{"type":"positions","name":"topbar-r","col":"auto","xl":"","lg":"","md":"","sm":"","xs":"","hidden_lg":"","hidden_xl":"","hidden_md":"","hidden_sm":"","hidden_xs":"","style":null,"extra_class":"","extra_params":"","module":null,"positions":"topbar-r","block":null,"element":null,"title":"","modname":"","idx":1}],"sectionid":1,"layout":"auto+auto","padding_xl":"","padding_lg":"","padding_md":"","padding_sm":"","padding_xs":"","margin_xl":"","margin_lg":"","margin_md":"","margin_sm":"","margin_xs":"","name":"Topbar","container":"","cols":2,"padding":"","margin":"","extra_class":"","sticky":"","color_pattern":"","overlay_type":"","background_image":"","background_repeat":null,"background_size":null,"background_attachment":null,"background_position":null,"video_type":null,"video_id":"","file_cover":"","file_mp4":"","file_webm":"","file_ogg":"","opacity":0.5},{"contents":[{"type":"block","name":"mainnav","col":12,"xl":"","lg":"","md":"","sm":"","xs":"","hidden_lg":"","hidden_xl":"","hidden_md":"","hidden_sm":"","hidden_xs":"","style":null,"extra_class":"","extra_params":"","device":"def","title":"","modname":"","module":null,"positions":null,"block":"mainnav","element":null,"idx":0}],"opacity":0.5,"file_ogg":"","file_webm":"","file_mp4":"","file_cover":"","video_id":"","video_type":null,"background_position":"50% 50%","background_attachment":"fixed","background_size":"cover","background_repeat":"no-repeat","background_image":"","overlay_type":"","color_pattern":"","sticky":"","extra_class":"","margin":"","padding":"","cols":1,"container":"none","name":"Mainnav","margin_xs":"","margin_sm":"","margin_md":"","margin_lg":"","margin_xl":"","padding_xs":"","padding_sm":"","padding_md":"","padding_lg":"","padding_xl":"","type":"row","layout":12},{"contents":[{"type":"positions","name":"masthead","col":12,"xl":"","lg":"","md":"","sm":"","xs":"","hidden_lg":"","hidden_xl":"","hidden_md":"","hidden_sm":"","hidden_xs":"","style":"no","extra_class":"","extra_params":"","device":"def","title":"","modname":"","module":null,"positions":"masthead","block":null,"element":null,"idx":0}],"opacity":0.5,"file_ogg":"","file_webm":"","file_mp4":"","file_cover":"","video_id":"","video_type":null,"background_position":null,"background_attachment":null,"background_size":null,"background_repeat":null,"background_image":"","overlay_type":"","color_pattern":"","sticky":"","extra_class":"","margin":"","padding":"","cols":1,"container":"none","name":"Masthead","margin_xs":"","margin_sm":"","margin_md":"","margin_lg":"","margin_xl":"","padding_xs":"","padding_sm":"","padding_md":"","padding_lg":"","padding_xl":"","layout":12,"sectionid":1},{"contents":[{"type":"positions","name":"section-1","col":12,"xl":"","lg":"","md":"","sm":"","xs":"","hidden_lg":"","hidden_xl":"","hidden_md":"","hidden_sm":"","hidden_xs":"","style":"t4section","extra_class":"","extra_params":"","device":"def","title":"","modname":"","module":null,"positions":"section-1","block":null,"element":null,"idx":0}],"type":"row","layout":12,"padding_xl":"","padding_lg":"","padding_md":"","padding_sm":"","padding_xs":"","margin_xl":"","margin_lg":"","margin_md":"","margin_sm":"","margin_xs":"","name":"section-1","container":"","cols":1,"padding":"","margin":"","extra_class":"","sticky":"","color_pattern":"","overlay_type":"","background_image":"","background_repeat":null,"background_size":null,"background_attachment":null,"background_position":null,"video_type":null,"video_id":"","file_cover":"","file_mp4":"","file_webm":"","file_ogg":"","opacity":0.5},{"contents":[{"type":"positions","name":"section-2","col":12,"xl":"","lg":"","md":"","sm":"","xs":"","hidden_lg":"","hidden_xl":"","hidden_md":"","hidden_sm":"","hidden_xs":"","style":"t4section","extra_class":"","extra_params":"","device":"def","module":null,"positions":"section-2","block":null,"element":null,"title":"","modname":"","idx":0}],"sectionid":1,"name":"section-2","container":"","layout":12,"cols":1,"padding_xl":"","padding_lg":"","padding_md":"","padding_sm":"","padding_xs":"","padding":"","margin_xl":"","margin_lg":"","margin_md":"","margin_sm":"","margin_xs":"","margin":"","extra_class":"","sticky":"","color_pattern":"","overlay_type":"","background_image":"","background_repeat":null,"background_size":null,"background_attachment":null,"background_position":null,"video_type":null,"video_id":"","file_cover":"","file_mp4":"","file_webm":"","file_ogg":"","opacity":0.5},{"contents":[{"type":"positions","name":"section-3","col":12,"xl":"","lg":"","md":"","sm":"","xs":"","hidden_lg":"","hidden_xl":"","hidden_md":"","hidden_sm":"","hidden_xs":"","style":"t4section","extra_class":"","extra_params":"","element":null,"block":null,"positions":"section-3","module":null,"device":"def","title":"","modname":"","idx":0}],"opacity":0.5,"file_ogg":"","file_webm":"","file_mp4":"","file_cover":"","video_id":"","video_type":null,"background_position":null,"background_attachment":null,"background_size":null,"background_repeat":null,"background_image":"","overlay_type":"","color_pattern":"","sticky":"","extra_class":"","margin":"","padding":"","cols":1,"container":"container","name":"section-3","type":"row","layout":12,"padding_xl":"","padding_lg":"","padding_md":"","padding_sm":"","padding_xs":"","margin_xl":"","margin_lg":"","margin_md":"","margin_sm":"","margin_xs":""},{"contents":[{"type":"positions","name":"section-4","col":12,"xl":"","lg":"","md":"","sm":"","xs":"","hidden_lg":"","hidden_xl":"","hidden_md":"","hidden_sm":"","hidden_xs":"","style":"t4section","extra_class":"","extra_params":"","title":"","modname":"","device":"def","module":null,"positions":"section-4","block":null,"element":null,"idx":0}],"type":"row","layout":12,"name":"section-4","container":"","cols":1,"padding_xl":"","padding_lg":"","padding_md":"","padding_sm":"","padding_xs":"","padding":"","margin_xl":"","margin_lg":"","margin_md":"","margin_sm":"","margin_xs":"","margin":"","extra_class":"sec-spacing-lg","sticky":"","color_pattern":"","overlay_type":"","background_image":"","background_repeat":null,"background_size":null,"background_attachment":null,"background_position":null,"video_type":null,"video_id":"","file_cover":"","file_mp4":"","file_webm":"","file_ogg":"","opacity":0.5},{"contents":[{"type":"positions","name":"section-5","col":12,"xl":"","lg":"","md":"","sm":"","xs":"","hidden_lg":"","hidden_xl":"","hidden_md":"","hidden_sm":"","hidden_xs":"","style":"t4section","extra_class":"","extra_params":"","element":null,"block":null,"positions":"section-5","module":null,"device":"def","modname":"","title":"","idx":0}],"type":"row","layout":12,"padding_xl":"","padding_lg":"","padding_md":"","padding_sm":"","padding_xs":"","margin_xl":"","margin_lg":"","margin_md":"","margin_sm":"","margin_xs":"","name":"section-5","container":"","cols":1,"padding":"","margin":"","extra_class":"","sticky":"","color_pattern":"","overlay_type":"","background_image":"images\/demo\/misc\/wm-bg.png","background_repeat":"no-repeat","background_size":null,"background_attachment":null,"background_position":"50% 50%","video_type":null,"video_id":"","file_cover":"","file_mp4":"","file_webm":"","file_ogg":"","opacity":0.5},{"contents":[{"type":"positions","name":"section-7","col":12,"xl":"","lg":"","md":"","sm":"","xs":"","hidden_lg":"","hidden_xl":"","hidden_md":"","hidden_sm":"","hidden_xs":"","style":"t4section","extra_class":"","extra_params":"","device":"def","module":null,"positions":"section-7","block":null,"element":null,"title":"","modname":"","idx":0}],"sectionid":1,"layout":"12","padding_xl":"","padding_lg":"","padding_md":"","padding_sm":"","padding_xs":"","margin_xl":"","margin_lg":"","margin_md":"","margin_sm":"","margin_xs":"","name":"section-7","container":"none","cols":"1","padding":"","margin":"","extra_class":"","sticky":"","color_pattern":"","overlay_type":"","background_image":"","background_repeat":null,"background_size":null,"background_attachment":null,"background_position":null,"video_type":null,"video_id":"","file_cover":"","file_mp4":"","file_webm":"","file_ogg":"","opacity":"0.5"},{"contents":[{"type":"block","name":"footer","col":"auto","xl":"","lg":"","md":"","sm":"","xs":"","hidden_lg":"","hidden_xl":"","hidden_md":"","hidden_sm":"","hidden_xs":"","style":"JAxhtml","extra_class":"","extra_params":"","title":"","modname":"","device":"def","module":null,"positions":"footnav-4","block":"footer","element":null,"idx":0}],"opacity":0.5,"file_ogg":"","file_webm":"","file_mp4":"","file_cover":"","video_id":"","video_type":null,"background_position":null,"background_attachment":null,"background_size":null,"background_repeat":null,"background_image":"","overlay_type":"","color_pattern":"","sticky":"","extra_class":"","margin":"","padding":"","cols":1,"container":"none","name":"footnav","type":"row","layout":"auto","padding_xl":"","padding_lg":"","padding_md":"","padding_sm":"","padding_xs":"","margin_xl":"","margin_lg":"","margin_md":"","margin_sm":"","margin_xs":""}],"settings":{"assets":[],"fonts":[]}}}