{"site_name":"","site_slogan":"","site_logo":"images\/craft_logo.png#joomlaImage:\/\/local-images\/craft_logo.png?width=175&height=175","site_logo_small":"","dont_use_google_font":false,"body_font_load_weights":"400,500,600,700","body_font_family":"Bai Jamjuree","body_font_style":"normal","body_font_weight":"400","body_font_size":"16px","body_line_height":"1.5","letter_spacing":"0px","heading_typo_onoff":true,"heading_font_load_weights":"300,400,600,700,900","heading_font_family":"Titillium Web","heading_font_style":"normal","heading_font_weight":"600","heading_line_height":"1.3","heading_letter_spacing":"0","h1_font_size":"52px","h2_font_size":"36px","h3_font_size":"22px","h4_font_size":"16px","h5_font_size":"12px","h6_font_size":"11px","megamenu_typo_onoff":false,"megamenu_font_load_weights":"","megamenu_font_family":"","megamenu_font_style":"inherit","megamenu_font_weight":"","megamenu_font_size":"","megamenu_line_height":"","megamenu_letter_spacing":"","body_bg_img":"","body_bg_img_repeat":"repeat","body_bg_img_size":"","body_bg_img_attachment":"scroll","body_bg_img_position":"left top","author_position":"","author_link":"1","author_show_avatar":true,"other_faviconFile":"","other_backToTop":true}