{"name":"font custom","fonts":{"ProductSans-Regular":{"name":"ProductSans-Regular","url":"\/templates\/craft\/fonts\/Product-Sans\/ProductSans-Regular.ttf"},"ProductSans-Medium":{"name":"ProductSans-Medium","url":"\/templates\/craft\/fonts\/Product-Sans\/ProductSans-Medium.ttf"},"ProductSans-Bold":{"name":"ProductSans-Bold","url":"\/templates\/craft\/fonts\/Product-Sans\/ProductSans-Bold.ttf"},"ProductSans-Thin":{"name":"ProductSans-Thin","url":"\/templates\/craft\/fonts\/Product-Sans\/ProductSans-Thin.ttf"}}}