<?xml version="1.0" encoding="utf-8"?>
<form>
	<fields name="attribs" addfieldpath="/templates/ja_sport/etc/fields">
		<fieldset name="extra-fields" label="TPL_GROUP_EXTRA_FIELDS_LABEL" description="" group="extrafields">
			<field name="type-article" type="hidden" default="view-team" label="TPL_LISTING_INFO_LABEL" />

			<field name="spacer" type="spacer" label="TPL_LISTING_INFO" class="text-label" />

			<field name="number" type="text" label="TPL_NUMBER" description="TPL_NUMBER_DESC" size="40" filter="RAW"/>

			<field name="team_position" type="text" label="TPL_POSITION" description="TPL_POSITION_DESC" size="40" filter="RAW"/>

			<field name="team_date" type="text" label="TPL_BIRTHDAY" description="TPL_BIRTHDAY_DESC" size="40" filter="RAW"/>

			<field name="team_nationality" type="text" label="TPL_NATIONALITY" description="TPL_NATIONALITY_DESC" size="40" filter="RAW"/>

			<field name="team_height" type="text" label="TPL_HEIGHT" description="TPL_HEIGHT_DESC" size="40" filter="RAW"/>

			<field name="team_weight" type="text" label="TPL_WEIGHT" description="TPL_WEIGHT_DESC" size="40" filter="RAW"/>

			<field name="team_shot" type="text" label="TPL_SHOT" description="TPL_SHOT_DESC" size="40" filter="RAW"/>

			<field name="team_played" type="text" label="TPL_PLAYED" description="TPL_PLAYED_DESC" size="40" filter="RAW"/>
			
			<field name="team_goal" type="text" label="TPL_GOAL" description="TPL_GOAL_DESC" size="40" filter="RAW"/>
		</fieldset>
	</fields>
</form>
