<?xml version="1.0" encoding="utf-8"?>
<form>
    <title>Live Matches Style 1</title>
	<sampledata></sampledata>
	<fields name="livematches-intro">
		<fieldset name="section-features" label="LIVEMATCHES_SECTION_LABEL" description="LIVEMATCHES_SECTION_DESC" multiple="1">
			<field name="lm-logo" type="media" default="" label="LIVEMATCHES_LOGO_LABEL" description="LIVEMATCHES_LOGO_DESC" required="1"/>
			<field name="lm-info" type="text" default="" size="40" label="LIVEMATCHES_INFO_LABEL" description="LIVEMATCHES_INFO_DESC" />

			<field name="club1-name" type="text" default="" size="40" label="LIVEMATCHES_CLUB_NAME_LABEL" description="LIVEMATCHES_CLUB_NAME_DESC" required="1"/>
			<field name="club1-logo" type="media" default="" label="LIVEMATCHES_CLUB_LOGO_LABEL" description="LIVEMATCHES_CLUB_LOGO_DESC" required="1"/>
			<field name="club1-score" type="text" default="" size="40" label="LIVEMATCHES_CLUB_SCORE_LABEL" description="LIVEMATCHES_CLUB_SCORE_DESC" />

			<field name="club2-name" type="text" default="" size="40" label="LIVEMATCHES_CLUB_NAME_LABEL" description="LIVEMATCHES_CLUB1_NAME_DESC" required="1"/>
			<field name="club2-logo" type="media" default="" label="LIVEMATCHES_CLUB_LOGO_LABEL" description="LIVEMATCHES_CLUB1_LOGO_DESC" required="1"/>
			<field name="club2-score" type="text" default="" size="40" label="LIVEMATCHES_CLUB_SCORE_LABEL" description="LIVEMATCHES_CLUB_SCORE_DESC" />

			<field name="link1-title" type="text" default="" size="40" label="LIVEMATCHES_LINK1_TITLE_LABEL" description="LIVEMATCHES_LINK1_TITLE_DESC"/>
			<field name="link1" type="text" default="" size="40" label="LIVEMATCHES_LINK1_LABEL" description="LIVEMATCHES_LINK1_DESC"/>

			<field name="link2-title" type="text" default="" size="40" label="LIVEMATCHES_LINK2_TITLE_LABEL" description="LIVEMATCHES_LINK2_TITLE_DESC"/>
			<field name="link2" type="text" default="" size="40" label="LIVEMATCHES_LINK2_LABEL" description="LIVEMATCHES_LINK2_DESC"/>

			<field name="time" type="text" default="" size="40" label="LIVEMATCHES_TIME_LABEL" description="LIVEMATCHES_TIME_DESC"/>
		</fieldset>
		
  </fields>
</form>