<?xml version="1.0" encoding="utf-8"?>
<form>
	<title>Features Intro Style 5</title>
	<sampledata></sampledata>
	<fields name="features-intro">
		<fieldset name="basic" label="FEATURES_BASIC_LABEL" description="FEATURES_BASIC_DESC">
			<field name="num-items" type="list" default="false" label="FEATURES_NUM_COLS_TITLE" description="FEATURES_NUM_COLS_DES">
			<option value="1">1</option>
			<option value="2">2</option>
			<option value="3">3</option>
		</field>
		</fieldset>

		<fieldset name="section-features" label="FEATURES_SECTION_LABEL" description="FEATURES_SECTION_DESC" >
			<field name="data" type="jalist" label="" description="">
				<item name="title" type="text" default="" label="FEATURES_TITLE_LABEL" description="FEATURES_TITLE_DESC" rows="5" cols="40" required="1" />
				<item name="desc" type="textarea" default="" label="FEATURES_TITLE_LABEL" description="FEATURES_TITLE_DESC" rows="5" cols="40" required="1" />
			</field>
		</fieldset>
	</fields>
</form>