<?xml version="1.0" encoding="utf-8" ?>
<extension
  version="4.0"
  type="template"
  method="upgrade"
  group="template"
  client="site"
>
	<name>craft</name>
	<version>1.0.0</version>
	<creationDate>September 15th, 2022</creationDate>
	<author>ziyalogy</author>
	<authorEmail>ziyalogy@gmail.com</authorEmail>
	<authorUrl>www.buildal.ug</authorUrl>
	<copyright>Copyright (C), ziyalogy. All Rights Reserved.</copyright>
	<license>license GNU/GPLv3 http://www.gnu.org/licenses/gpl-3.0.html</license>
	<description>
		<![CDATA[
		<div align="center">
			<div class="alert alert-success" style="background-color:#DFF0D8;border-color:#D6E9C6;color: #468847;padding: 1px 0;">
				
				<h4><a href="#">CRAFT</a></h4>

				<p>Website for CRAFT</p>

				<p><span style="color:#FF0000">Note: Requires T4 plugin to be installed and enabled.</span></p>
				<p>Copyright 2004 - 2022 <a href='http://www.twitter.com/ziyalogy' title='Visit Developer!'>ziyalogy</a>.</p>
			</div>
			<style>table.adminform{width: 100%;}</style>
		</div>
		]]>
	</description>

	<files>
		<filename>helper.php</filename>
		<filename>component.php</filename>
		<filename>error.php</filename>
		<filename>error-t4.php</filename>
		<filename>favicon.ico</filename>
		<filename>index.php</filename>
		<filename>offline.php</filename>
		<filename>templateDetails.xml</filename>
		<filename>template_preview.png</filename>
		<filename>template_thumbnail.png</filename>
		<filename>templateInfo.php</filename>
		<folder>acm</folder>
		<folder>contenttype</folder>
		<folder>css</folder>
		<folder>etc</folder>
		<folder>fonts</folder>
		<folder>html</folder>
		<folder>images</folder>
		<folder>js</folder>
		<folder>language</folder>
		<folder>scss</folder>
	</files>
	<positions>
		<position>menu</position>
		<position>off-canvas</position>
		<position>search</position>
		<position>banner</position>
		<position>topbar</position>
		<position>topbar-l</position>
		<position>topbar-r</position>
		<position>masthead</position>
		<position>hero</position>
		<position>map</position>
		<position>main-top-1</position>
		<position>main-top-2</position>
		<position>main-bottom-1</position>
		<position>mega-1</position>
		<position>mega-2</position>
		<position>mega-3</position>
		<position>mega-4</position>
		<position>main-bottom-2</position>
		<position>breadcrumbs</position>
		<position>sidebar-l</position>
		<position>sidebar-r</position>
		<position>section-1</position>
		<position>section-2</position>
		<position>section-3</position>
		<position>section-4</position>
		<position>section-5</position>
		<position>section-6</position>
		<position>section-7</position>
		<position>section-8</position>
		<position>section-9</position>
		<position>section-10</position>
		<position>bottom-a</position>
		<position>bottom-b</position>
		<position>bottom-c</position>
		<position>bottom-d</position>
		<position>footnav-1</position>
		<position>footnav-2</position>
		<position>footnav-3</position>
		<position>footnav-4</position>
		<position>footnav-5</position>
		<position>footer</position>
		<position>footer-logo</position>
		<position>debug</position>
		<position>offices</position>
		<position>craft-areas</position>
	</positions>
	<languages folder="language">
		<language tag="en-GB">en-GB/en-GB.tpl_craft.ini</language>
		<language tag="en-GB">en-GB/en-GB.tpl_craft.sys.ini</language>
	</languages>
	<t4>
		<basetheme>base</basetheme>
		<bootstrap>bs5</bootstrap>
	</t4>

	<updateservers>
    <server
      type="extension"
      priority="1"
      name="T4 Blank"
    >#</server>
	</updateservers>
</extension>
