<?xml version="1.0" encoding="utf-8"?>
<form>
    <title>Hero Style 1</title>
	<sampledata></sampledata>
	<fields name="hero-intro">
		<fieldset name="basic" label="HERO_BASIC_LABEL" description="HERO_BASIC_DESC">
			<field name="ft-align" type="list" default="left" label="HERO_ALIGN_LABEL" description="HERO_ALIGN_DESC">
				<option value="left">Left</option>
				<option value="center">Center</option>
			</field>

			<field name="ft-mask" type="list" default="0" label="HERO_MASK_OPACITY_LEVEL_LABEL" description="HERO_MASK_OPACITY_LEVEL_DESC">
				<option value="0">0</option>
				<option value="0.1">0.1</option>
				<option value="0.2">0.2</option>
				<option value="0.3">0.3</option>
				<option value="0.4">0.4</option>
				<option value="0.5">0.5</option>
				<option value="0.5">0.5</option>
				<option value="0.7">0.7</option>
				<option value="0.8">0.8</option>
				<option value="0.9">0.9</option>
			</field>

			<field name="ft-bg" type="media" default="" label="HERO_BACKGROUND_LABEL" description="HERO_BACKGROUND_DESC" />

			<field name="title" type="textarea" default="" label="HERO_TITLE_LABEL" description="HERO_TITLE_DESC" rows="5" cols="40" required="1" />
		</fieldset>
  </fields>
</form>