{"layout":{"sections":[{"contents":[{"type":"positions","name":"topbar-l","col":"auto","xl":"","lg":"","md":"","sm":"","xs":"","hidden_lg":"","hidden_xl":"","hidden_md":"","hidden_sm":"","hidden_xs":"","style":null,"extra_class":"","extra_params":"","device":"def","module":null,"positions":"topbar-l","block":null,"element":null,"modname":"","title":"","idx":0},{"type":"positions","name":"topbar-r","col":"auto","xl":"","lg":"","md":"","sm":"","xs":"","hidden_lg":"","hidden_xl":"","hidden_md":"","hidden_sm":"","hidden_xs":"","style":null,"extra_class":"","extra_params":"","module":null,"positions":"topbar-r","block":null,"element":null,"modname":"","title":"","idx":1}],"sectionid":1,"name":"Topbar","container":"","layout":"auto+auto","cols":2,"padding_xl":"","padding_lg":"","padding_md":"","padding_sm":"","padding_xs":"","padding":"","margin_xl":"","margin_lg":"","margin_md":"","margin_sm":"","margin_xs":"","margin":"","extra_class":"","sticky":"","color_pattern":"","overlay_type":"","background_image":"","background_repeat":null,"background_size":null,"background_attachment":null,"background_position":null,"video_type":null,"video_id":"","file_cover":"","file_mp4":"","file_webm":"","file_ogg":"","opacity":0.5},{"contents":[{"type":"block","name":"mainnav","col":12,"xl":"","lg":"","md":"","sm":"","xs":"","hidden_lg":"","hidden_xl":"","hidden_md":"","hidden_sm":"","hidden_xs":"","style":null,"extra_class":"","extra_params":"","device":"def","modname":"","module":null,"positions":null,"block":"mainnav","element":null,"title":"","idx":0}],"layout":12,"sectionid":1,"padding_xl":"","padding_lg":"","padding_md":"","padding_sm":"","padding_xs":"","margin_xl":"","margin_lg":"","margin_md":"","margin_sm":"","margin_xs":"","name":"Mainnav","container":"none","cols":1,"padding":"","margin":"","extra_class":"","sticky":"","color_pattern":"","overlay_type":"","background_image":"","background_repeat":null,"background_size":null,"background_attachment":null,"background_position":null,"video_type":null,"video_id":"","file_cover":"","file_mp4":"","file_webm":"","file_ogg":"","opacity":0.5},{"contents":[{"type":"positions","name":"hero","col":12,"xl":"","lg":"","md":"","sm":"","xs":"","hidden_lg":"","hidden_xl":"","hidden_md":"","hidden_sm":"","hidden_xs":"","style":null,"extra_class":"","extra_params":"","device":"def","title":"","modname":"","module":null,"positions":"hero","block":null,"element":null,"idx":0}],"margin_xs":"","margin_sm":"","margin_md":"","margin_lg":"","margin_xl":"","padding_xs":"","padding_sm":"","padding_md":"","padding_lg":"","padding_xl":"","layout":"12","sectionid":1,"name":"Hero","container":"none","cols":"1","padding":"","margin":"","extra_class":"","sticky":"","color_pattern":"","overlay_type":"","background_image":"","background_repeat":null,"background_size":null,"background_attachment":null,"background_position":null,"video_type":null,"video_id":"","file_cover":"","file_mp4":"","file_webm":"","file_ogg":"","opacity":"0.5"},{"contents":[{"type":"positions","name":"map","col":12,"xl":"","lg":"","md":"","sm":"","xs":"","hidden_lg":"","hidden_xl":"","hidden_md":"","hidden_sm":"","hidden_xs":"","style":"t4section","extra_class":"","extra_params":"","modname":"","title":"","element":null,"block":null,"positions":"map","module":null,"device":"def","idx":0}],"opacity":0.5,"file_ogg":"","file_webm":"","file_mp4":"","file_cover":"","video_id":"","video_type":null,"background_position":null,"background_attachment":null,"background_size":null,"background_repeat":null,"background_image":"","overlay_type":"","color_pattern":"","sticky":"","extra_class":"","margin":"","margin_xs":"","margin_sm":"","margin_md":"","margin_lg":"","margin_xl":"","padding":"","padding_xs":"","padding_sm":"","padding_md":"","padding_lg":"","padding_xl":"","cols":1,"layout":12,"container":"","name":"Map","sectionid":1},{"contents":[{"type":"positions","name":"sidebar-l","col":3,"xl":"","lg":"","md":12,"sm":12,"xs":"","hidden_lg":"","hidden_xl":"","hidden_md":"","hidden_sm":"","hidden_xs":"","style":"JAxhtml","extra_class":"","extra_params":"","device":"md","module":"","positions":"sidebar-l","block":"","element":"","title":"","modname":"","idx":0},{"type":"component","name":"","col":6,"xl":"","lg":"","md":"auto","sm":"","xs":"","hidden_lg":"","hidden_xl":"","hidden_md":"","hidden_sm":"","hidden_xs":"","style":"","extra_class":"","extra_params":"","device":"md","title":"","modname":"","idx":1},{"type":"positions","name":"sidebar-r","col":3,"xl":"","lg":"","md":12,"sm":12,"xs":"","hidden_lg":"","hidden_xl":"","hidden_md":"","hidden_sm":"","hidden_xs":"","style":"JAxhtml","extra_class":"","extra_params":"","device":"md","module":"","positions":"sidebar-r","block":"","element":"","title":"","modname":"","idx":2}],"opacity":0.5,"file_ogg":"","file_webm":"","file_mp4":"","file_cover":"","video_id":"","video_type":null,"background_position":null,"background_attachment":null,"background_size":null,"background_repeat":null,"background_image":"","overlay_type":"","color_pattern":"","sticky":"","extra_class":"","margin":"","padding":"","cols":3,"container":1,"name":"Main body","widths":"3+6+3","layout":"3+6+3","type":"row","padding_xl":"","padding_lg":"","padding_md":"","padding_sm":"","padding_xs":"","margin_xl":"","margin_lg":"","margin_md":"","margin_sm":"","margin_xs":""},{"contents":[{"type":"positions","name":"main-bottom-1","col":12,"xl":"","lg":"","md":"","sm":"","xs":"","hidden_lg":"","hidden_xl":"","hidden_md":"","hidden_sm":"","hidden_xs":"","style":"t4section","extra_class":"","extra_params":"","modname":"","title":"","device":"def","module":null,"positions":"main-bottom-1","block":null,"element":null,"idx":0}],"opacity":0.5,"file_ogg":"","file_webm":"","file_mp4":"","file_cover":"","video_id":"","video_type":null,"background_position":null,"background_attachment":null,"background_size":null,"background_repeat":null,"background_image":"","overlay_type":"","color_pattern":"","sticky":"","extra_class":"","margin":"","margin_xs":"","margin_sm":"","margin_md":"","margin_lg":"","margin_xl":"","padding":"","padding_xs":"","padding_sm":"","padding_md":"","padding_lg":"","padding_xl":"","cols":1,"layout":12,"container":"","name":"Main Bottom 1","sectionid":1},{"contents":[{"type":"positions","name":"main-bottom-2","col":12,"xl":"","lg":"","md":"","sm":"","xs":"","hidden_lg":"","hidden_xl":"","hidden_md":"","hidden_sm":"","hidden_xs":"","style":"t4section","extra_class":"","extra_params":"","modname":"","title":"","element":null,"block":null,"positions":"main-bottom-2","module":null,"device":"def","idx":0}],"opacity":0.5,"file_ogg":"","file_webm":"","file_mp4":"","file_cover":"","video_id":"","video_type":null,"background_position":null,"background_attachment":null,"background_size":null,"background_repeat":null,"background_image":"","overlay_type":"","color_pattern":"","sticky":"","extra_class":"","margin":"","padding":"","cols":1,"container":"","name":"Main Bottom 2","margin_xs":"","margin_sm":"","margin_md":"","margin_lg":"","margin_xl":"","padding_xs":"","padding_sm":"","padding_md":"","padding_lg":"","padding_xl":"","layout":12,"sectionid":1},{"contents":[{"type":"positions","name":"section-7","col":12,"xl":"","lg":"","md":"","sm":"","xs":"","hidden_lg":"","hidden_xl":"","hidden_md":"","hidden_sm":"","hidden_xs":"","style":"t4section","extra_class":"","extra_params":"","modname":"","title":"","element":null,"block":null,"positions":"section-7","module":null,"device":"def","idx":0}],"opacity":0.5,"file_ogg":"","file_webm":"","file_mp4":"","file_cover":"","video_id":"","video_type":null,"background_position":null,"background_attachment":null,"background_size":null,"background_repeat":null,"background_image":"","overlay_type":"","color_pattern":"","sticky":"","extra_class":" border-top","margin":"","padding":"","cols":1,"container":"","name":"section-7","margin_xs":"","margin_sm":"","margin_md":"","margin_lg":"","margin_xl":"","padding_xs":"","padding_sm":"","padding_md":"","padding_lg":"","padding_xl":"","layout":12,"sectionid":1},{"contents":[{"type":"block","name":"footer","col":"auto","xl":"","lg":"","md":"","sm":"","xs":"","hidden_lg":"","hidden_xl":"","hidden_md":"","hidden_sm":"","hidden_xs":"","style":null,"extra_class":"","extra_params":"","device":"def","title":"","modname":"","module":null,"positions":"footer","block":"footer","element":null,"idx":0}],"opacity":0.5,"file_ogg":"","file_webm":"","file_mp4":"","file_cover":"","video_id":"","video_type":null,"background_position":null,"background_attachment":null,"background_size":null,"background_repeat":null,"background_image":"","overlay_type":"","color_pattern":"","sticky":"","extra_class":"","margin":"","padding":"","cols":2,"container":"none","name":"Footnav","margin_xs":"","margin_sm":"","margin_md":"","margin_lg":"","margin_xl":"","padding_xs":"","padding_sm":"","padding_md":"","padding_lg":"","padding_xl":"","layout":"auto","type":"row"}],"settings":{"assets":[],"fonts":[]}}}