{"color_primary":"#3163a2","color_secondary":"#8ac35c","color_success":"#198754","color_info":"#0dcaf0","color_warning":"#fdbd27","color_danger":"#dc3545","color_light":"#fdbd27","color_dark":"#212529","color_white":"#ffffff","color_black":"#202121","body_bg_color":"#f9f9f9","body_text_color":"#4f4f4f","body_link_color":"#3163a2","body_link_hover_color":"#4f8dca","mainnav_text_color":"#1a1a1a","mainnav_link_color":"#1a1a1a","mainnav_link_hover_color":"#4f8dca","mainnav_link_active_color":"#4f8dca","footer_bg_color":"#212529","footer_text_color":"rgba(255, 255, 255, 0.54)","footer_link_color":"rgba(255, 255, 255, 0.505)","footer_link_hover_color":"#ffffff","styles_palettes":""}