{"color_primary":"#1b265c","color_secondary":"#df2548","color_success":"#198754","color_info":"#0dcaf0","color_warning":"#fd7e14","color_danger":"#dc3545","color_light":"#f8f9fa","color_dark":"#212529","color_white":"#ffffff","color_black":"#000000","body_bg_color":"#f9f9f9","body_text_color":"#4f4f4f","body_link_color":"#1b265c","body_link_hover_color":"#ff2850","mainnav_text_color":"#1a1a1a","mainnav_link_color":"#1a1a1a","mainnav_link_hover_color":"#ff2850","mainnav_link_active_color":"#ff2850","footer_bg_color":"#1b265c","footer_text_color":"rgba(255, 255, 255, 0.54)","footer_link_color":"rgba(255, 255, 255, 0.505)","footer_link_hover_color":"#ffffff","styles_palettes":""}