{"menu_type":"mainmenu","mega_settings":"{\"mainmenu\":{\"101\":{\"align\":\"left\",\"settings\":[{\"contents\":[{}]}],\"id\":true,\"type\":\"\",\"col\":\"auto\",\"name\":\"None\"},\"118\":{\"align\":\"left\",\"settings\":[{\"contents\":[{}]}],\"id\":true,\"type\":\"\",\"col\":\"auto\",\"name\":\"None\"},\"185\":{\"align\":\"left\",\"settings\":[{\"contents\":[{}]}],\"id\":true,\"type\":\"\",\"col\":\"auto\",\"name\":\"None\"},\"211\":{\"align\":\"left\",\"settings\":[{\"contents\":[{}]}],\"id\":true,\"type\":\"\",\"col\":\"auto\",\"name\":\"None\"},\"232\":{\"mega_extra\":\" menu-highlight\",\"width\":\"200\",\"megabuild\":1,\"align\":\"center\",\"settings\":[{\"contents\":[{\"name\":\"Selected Items\",\"type\":\"items\",\"style\":null,\"title\":\"\",\"col\":\"auto\",\"items\":\"233,235,237,240\",\"position\":null,\"module\":null,\"uiresizable\":\"[object Object]\"}]}],\"name\":\"None\",\"col\":\"auto\",\"type\":\"\",\"id\":true,\"megamenu\":1},\"236\":{\"align\":\"left\",\"settings\":[{\"contents\":[{}]}],\"name\":\"None\",\"col\":\"auto\",\"type\":\"\",\"id\":true},\"239\":{\"align\":\"left\",\"settings\":[{\"contents\":[{}]}],\"id\":true,\"type\":\"\",\"col\":\"auto\",\"name\":\"None\"}},\"topbar\":{\"103\":{\"align\":\"left\",\"settings\":[{\"contents\":[{}]}],\"id\":true,\"type\":\"\",\"col\":\"auto\",\"name\":\"None\"},\"104\":{\"align\":\"left\",\"settings\":[{\"contents\":[{}]}],\"id\":true,\"type\":\"\",\"col\":\"auto\",\"name\":\"None\"},\"187\":{\"align\":\"left\",\"settings\":[{\"contents\":[{}]}],\"id\":true,\"type\":\"\",\"col\":\"auto\",\"name\":\"None\"}},\"fans\":{\"223\":{\"align\":\"left\",\"settings\":[{\"contents\":[{}]}],\"name\":\"None\",\"col\":\"auto\",\"type\":\"\",\"id\":true},\"224\":{\"align\":\"left\",\"settings\":[{\"contents\":[{}]}],\"name\":\"None\",\"col\":\"auto\",\"type\":\"\",\"id\":true},\"225\":{\"align\":\"left\",\"settings\":[{\"contents\":[{}]}],\"name\":\"None\",\"col\":\"auto\",\"type\":\"\",\"id\":true},\"226\":{\"align\":\"left\",\"settings\":[{\"contents\":[{}]}],\"name\":\"None\",\"col\":\"auto\",\"type\":\"\",\"id\":true},\"227\":{\"align\":\"left\",\"settings\":[{\"contents\":[{}]}],\"name\":\"None\",\"col\":\"auto\",\"type\":\"\",\"id\":true}},\"football\":{\"228\":{\"align\":\"left\",\"settings\":[{\"contents\":[{}]}],\"name\":\"None\",\"col\":\"auto\",\"type\":\"\",\"id\":true},\"229\":{\"align\":\"left\",\"settings\":[{\"contents\":[{}]}],\"name\":\"None\",\"col\":\"auto\",\"type\":\"\",\"id\":true},\"230\":{\"align\":\"left\",\"settings\":[{\"contents\":[{}]}],\"name\":\"None\",\"col\":\"auto\",\"type\":\"\",\"id\":true}},\"users\":{\"109\":{\"align\":\"left\",\"settings\":[{\"contents\":[{}]}],\"id\":true,\"type\":\"\",\"col\":\"auto\",\"name\":\"None\"},\"110\":{\"align\":\"left\",\"settings\":[{\"contents\":[{}]}],\"id\":true,\"type\":\"\",\"col\":\"auto\",\"name\":\"None\"},\"111\":{\"align\":\"left\",\"settings\":[{\"contents\":[{}]}],\"id\":true,\"type\":\"\",\"col\":\"auto\",\"name\":\"None\"},\"112\":{\"align\":\"left\",\"settings\":[{\"contents\":[{}]}],\"id\":true,\"type\":\"\",\"col\":\"auto\",\"name\":\"None\"}},\"j-pages\":{\"113\":{\"align\":\"left\",\"settings\":[{\"contents\":[{}]}],\"id\":true,\"type\":\"\",\"col\":\"auto\",\"name\":\"None\"},\"114\":{\"align\":\"left\",\"settings\":[{\"contents\":[{}]}],\"id\":true,\"type\":\"\",\"col\":\"auto\",\"name\":\"None\"},\"115\":{\"align\":\"left\",\"settings\":[{\"contents\":[{}]}],\"id\":true,\"type\":\"\",\"col\":\"auto\",\"name\":\"None\"},\"116\":{\"align\":\"left\",\"settings\":[{\"contents\":[{}]}],\"id\":true,\"type\":\"\",\"col\":\"auto\",\"name\":\"None\"}},\"j-content\":{\"117\":{\"align\":\"left\",\"settings\":[{\"contents\":[{}]}],\"id\":true,\"type\":\"\",\"col\":\"auto\",\"name\":\"None\"},\"119\":{\"align\":\"left\",\"settings\":[{\"contents\":[{}]}],\"id\":true,\"type\":\"\",\"col\":\"auto\",\"name\":\"None\"},\"246\":{\"align\":\"left\",\"settings\":[{\"contents\":[{}]}],\"id\":true,\"type\":\"\",\"col\":\"auto\",\"name\":\"None\"},\"247\":{\"align\":\"left\",\"settings\":[{\"contents\":[{}]}],\"id\":true,\"type\":\"\",\"col\":\"auto\",\"name\":\"None\"}}}","mega_effect":"slide","mega_duration":"","mega_showsm":false,"oc_enabled":true,"oc_pos_name":"off-canvas","oc_pos_style":"JAxhtml","oc_effect":"left-push","oc_menu_effect":"drill","oc_rightside":true,"oc_showlg":false,"option_breakpoint":"lg"}